<?xml version="1.0" encoding="UTF-8" ?>
<!DOCTYPE mapper PUBLIC "-//mybatis.org//DTD Mapper 3.0//EN" "http://mybatis.org/dtd/mybatis-3-mapper.dtd" >
<mapper namespace="com.zx.system.mapper.SDeptMapper" >
  <resultMap id="BaseResultMap" type="com.zx.system.pojo.SDept" >
    <id column="d_id" property="dId" jdbcType="INTEGER" />
    <result column="d_name" property="dName" jdbcType="VARCHAR" />
    <result column="d_num" property="dNum" jdbcType="INTEGER" />
  </resultMap>
  <sql id="Example_Where_Clause" >
    <where >
      <foreach collection="oredCriteria" item="criteria" separator="or" >
        <if test="criteria.valid" >
          <trim prefix="(" suffix=")" prefixOverrides="and" >
            <foreach collection="criteria.criteria" item="criterion" >
              <choose >
                <when test="criterion.noValue" >
                  and ${criterion.condition}
                </when>
                <when test="criterion.singleValue" >
                  and ${criterion.condition} #{criterion.value}
                </when>
                <when test="criterion.betweenValue" >
                  and ${criterion.condition} #{criterion.value} and #{criterion.secondValue}
                </when>
                <when test="criterion.listValue" >
                  and ${criterion.condition}
                  <foreach collection="criterion.value" item="listItem" open="(" close=")" separator="," >
                    #{listItem}
                  </foreach>
                </when>
              </choose>
            </foreach>
          </trim>
        </if>
      </foreach>
    </where>
  </sql>
  <sql id="Update_By_Example_Where_Clause" >
    <where >
      <foreach collection="example.oredCriteria" item="criteria" separator="or" >
        <if test="criteria.valid" >
          <trim prefix="(" suffix=")" prefixOverrides="and" >
            <foreach collection="criteria.criteria" item="criterion" >
              <choose >
                <when test="criterion.noValue" >
                  and ${criterion.condition}
                </when>
                <when test="criterion.singleValue" >
                  and ${criterion.condition} #{criterion.value}
                </when>
                <when test="criterion.betweenValue" >
                  and ${criterion.condition} #{criterion.value} and #{criterion.secondValue}
                </when>
                <when test="criterion.listValue" >
                  and ${criterion.condition}
                  <foreach collection="criterion.value" item="listItem" open="(" close=")" separator="," >
                    #{listItem}
                  </foreach>
                </when>
              </choose>
            </foreach>
          </trim>
        </if>
      </foreach>
    </where>
  </sql>
  <sql id="Base_Column_List" >
    d_id, d_name, d_num
  </sql>
  <select id="selectByExample" resultMap="BaseResultMap" parameterType="com.zx.system.pojo.SDeptExample" >
    select
    <if test="distinct" >
      distinct
    </if>
    <include refid="Base_Column_List" />
    from s_dept
    <if test="_parameter != null" >
      <include refid="Example_Where_Clause" />
    </if>
    <if test="orderByClause != null" >
      order by ${orderByClause}
    </if>
  </select>
  <select id="selectByPrimaryKey" resultMap="BaseResultMap" parameterType="java.lang.Integer" >
    select 
    <include refid="Base_Column_List" />
    from s_dept
    where d_id = #{dId,jdbcType=INTEGER}
  </select>
  <delete id="deleteByPrimaryKey" parameterType="java.lang.Integer" >
    delete from s_dept
    where d_id = #{dId,jdbcType=INTEGER}
  </delete>
  <delete id="deleteByExample" parameterType="com.zx.system.pojo.SDeptExample" >
    delete from s_dept
    <if test="_parameter != null" >
      <include refid="Example_Where_Clause" />
    </if>
  </delete>
  <insert id="insert" parameterType="com.zx.system.pojo.SDept" >
    insert into s_dept ( d_name, d_num
      )
    values ( #{dName,jdbcType=VARCHAR}, #{dNum,jdbcType=INTEGER}
      )
  </insert>
  <insert id="insertSelective" parameterType="com.zx.system.pojo.SDept" >
    insert into s_dept
    <trim prefix="(" suffix=")" suffixOverrides="," >
      <if test="dId != null" >
        d_id,
      </if>
      <if test="dName != null" >
        d_name,
      </if>
      <if test="dNum != null" >
        d_num,
      </if>
    </trim>
    <trim prefix="values (" suffix=")" suffixOverrides="," >
      <if test="dId != null" >
        #{dId,jdbcType=INTEGER},
      </if>
      <if test="dName != null" >
        #{dName,jdbcType=VARCHAR},
      </if>
      <if test="dNum != null" >
        #{dNum,jdbcType=INTEGER},
      </if>
    </trim>
  </insert>
  <select id="countByExample" parameterType="com.zx.system.pojo.SDeptExample" resultType="java.lang.Integer" >
    select count(*) from s_dept
    <if test="_parameter != null" >
      <include refid="Example_Where_Clause" />
    </if>
  </select>
  <update id="updateByExampleSelective" parameterType="map" >
    update s_dept
    <set >
      <if test="record.dId != null" >
        d_id = #{record.dId,jdbcType=INTEGER},
      </if>
      <if test="record.dName != null" >
        d_name = #{record.dName,jdbcType=VARCHAR},
      </if>
      <if test="record.dNum != null" >
        d_num = #{record.dNum,jdbcType=INTEGER},
      </if>
    </set>
    <if test="_parameter != null" >
      <include refid="Update_By_Example_Where_Clause" />
    </if>
  </update>
  <update id="updateByExample" parameterType="map" >
    update s_dept
    set d_id = #{record.dId,jdbcType=INTEGER},
      d_name = #{record.dName,jdbcType=VARCHAR},
      d_num = #{record.dNum,jdbcType=INTEGER}
    <if test="_parameter != null" >
      <include refid="Update_By_Example_Where_Clause" />
    </if>
  </update>
  <update id="updateByPrimaryKeySelective" parameterType="com.zx.system.pojo.SDept" >
    update s_dept
    <set >
      <if test="dName != null" >
        d_name = #{dName,jdbcType=VARCHAR},
      </if>
      <if test="dNum != null" >
        d_num = #{dNum,jdbcType=INTEGER},
      </if>
    </set>
    where d_id = #{dId,jdbcType=INTEGER}
  </update>
  <update id="updateByPrimaryKey" parameterType="com.zx.system.pojo.SDept" >
    update s_dept
    set d_name = #{dName,jdbcType=VARCHAR},
      d_num = #{dNum,jdbcType=INTEGER}
    where d_id = #{dId,jdbcType=INTEGER}
  </update>
  
   <select id="selectDept" parameterType="int" resultMap="BaseResultMap">
 select b.* from  s_dept b  where b.d_id=#{deptid}
 </select>
</mapper>