<?xml version="1.0" encoding="UTF-8" ?>
<!DOCTYPE mapper PUBLIC "-//mybatis.org//DTD Mapper 3.0//EN" "http://mybatis.org/dtd/mybatis-3-mapper.dtd" >
<mapper namespace="com.zx.system.mapper.SPowerMapper" >
  <resultMap id="BaseResultMap" type="com.zx.system.pojo.SPower" >
    <id column="p_id" property="pId" jdbcType="INTEGER" />
    <result column="p_name" property="pName" jdbcType="VARCHAR" />
    <result column="url" property="url" jdbcType="VARCHAR" />
    <result column="sort" property="sort" jdbcType="INTEGER" />
    <result column="highLevel" property="highlevel" jdbcType="INTEGER" />
  </resultMap>
  <sql id="Example_Where_Clause" >
    <where >
      <foreach collection="oredCriteria" item="criteria" separator="or" >
        <if test="criteria.valid" >
          <trim prefix="(" suffix=")" prefixOverrides="and" >
            <foreach collection="criteria.criteria" item="criterion" >
              <choose >
                <when test="criterion.noValue" >
                  and ${criterion.condition}
                </when>
                <when test="criterion.singleValue" >
                  and ${criterion.condition} #{criterion.value}
                </when>
                <when test="criterion.betweenValue" >
                  and ${criterion.condition} #{criterion.value} and #{criterion.secondValue}
                </when>
                <when test="criterion.listValue" >
                  and ${criterion.condition}
                  <foreach collection="criterion.value" item="listItem" open="(" close=")" separator="," >
                    #{listItem}
                  </foreach>
                </when>
              </choose>
            </foreach>
          </trim>
        </if>
      </foreach>
    </where>
  </sql>
  <sql id="Update_By_Example_Where_Clause" >
    <where >
      <foreach collection="example.oredCriteria" item="criteria" separator="or" >
        <if test="criteria.valid" >
          <trim prefix="(" suffix=")" prefixOverrides="and" >
            <foreach collection="criteria.criteria" item="criterion" >
              <choose >
                <when test="criterion.noValue" >
                  and ${criterion.condition}
                </when>
                <when test="criterion.singleValue" >
                  and ${criterion.condition} #{criterion.value}
                </when>
                <when test="criterion.betweenValue" >
                  and ${criterion.condition} #{criterion.value} and #{criterion.secondValue}
                </when>
                <when test="criterion.listValue" >
                  and ${criterion.condition}
                  <foreach collection="criterion.value" item="listItem" open="(" close=")" separator="," >
                    #{listItem}
                  </foreach>
                </when>
              </choose>
            </foreach>
          </trim>
        </if>
      </foreach>
    </where>
  </sql>
  <sql id="Base_Column_List" >
    p_id, p_name, url, sort, highLevel
  </sql>
  <select id="selectByExample" resultMap="BaseResultMap" parameterType="com.zx.system.pojo.SPowerExample" >
    select
    <if test="distinct" >
      distinct
    </if>
    <include refid="Base_Column_List" />
    from s_power
    <if test="_parameter != null" >
      <include refid="Example_Where_Clause" />
    </if>
    <if test="orderByClause != null" >
      order by ${orderByClause}
    </if>
  </select>
  <select id="selectByPrimaryKey" resultMap="BaseResultMap" parameterType="java.lang.Integer" >
    select 
    <include refid="Base_Column_List" />
    from s_power
    where p_id = #{pId,jdbcType=INTEGER}
  </select>
  <delete id="deleteByPrimaryKey" parameterType="java.lang.Integer" >
    delete from s_power
    where p_id = #{pId,jdbcType=INTEGER}
  </delete>
  <delete id="deleteByExample" parameterType="com.zx.system.pojo.SPowerExample" >
    delete from s_power
    <if test="_parameter != null" >
      <include refid="Example_Where_Clause" />
    </if>
  </delete>
  <insert id="insert" parameterType="com.zx.system.pojo.SPower" >
    insert into s_power (p_id, p_name, url, 
      sort, highLevel)
    values (#{pId,jdbcType=INTEGER}, #{pName,jdbcType=VARCHAR}, #{url,jdbcType=VARCHAR}, 
      #{sort,jdbcType=INTEGER}, #{highlevel,jdbcType=INTEGER})
  </insert>
  <insert id="insertSelective" parameterType="com.zx.system.pojo.SPower" >
    insert into s_power
    <trim prefix="(" suffix=")" suffixOverrides="," >
      <if test="pId != null" >
        p_id,
      </if>
      <if test="pName != null" >
        p_name,
      </if>
      <if test="url != null" >
        url,
      </if>
      <if test="sort != null" >
        sort,
      </if>
      <if test="highlevel != null" >
        highLevel,
      </if>
    </trim>
    <trim prefix="values (" suffix=")" suffixOverrides="," >
      <if test="pId != null" >
        #{pId,jdbcType=INTEGER},
      </if>
      <if test="pName != null" >
        #{pName,jdbcType=VARCHAR},
      </if>
      <if test="url != null" >
        #{url,jdbcType=VARCHAR},
      </if>
      <if test="sort != null" >
        #{sort,jdbcType=INTEGER},
      </if>
      <if test="highlevel != null" >
        #{highlevel,jdbcType=INTEGER},
      </if>
    </trim>
  </insert>
  <select id="countByExample" parameterType="com.zx.system.pojo.SPowerExample" resultType="java.lang.Integer" >
    select count(*) from s_power
    <if test="_parameter != null" >
      <include refid="Example_Where_Clause" />
    </if>
  </select>
  <update id="updateByExampleSelective" parameterType="map" >
    update s_power
    <set >
      <if test="record.pId != null" >
        p_id = #{record.pId,jdbcType=INTEGER},
      </if>
      <if test="record.pName != null" >
        p_name = #{record.pName,jdbcType=VARCHAR},
      </if>
      <if test="record.url != null" >
        url = #{record.url,jdbcType=VARCHAR},
      </if>
      <if test="record.sort != null" >
        sort = #{record.sort,jdbcType=INTEGER},
      </if>
      <if test="record.highlevel != null" >
        highLevel = #{record.highlevel,jdbcType=INTEGER},
      </if>
    </set>
    <if test="_parameter != null" >
      <include refid="Update_By_Example_Where_Clause" />
    </if>
  </update>
  <update id="updateByExample" parameterType="map" >
    update s_power
    set p_id = #{record.pId,jdbcType=INTEGER},
      p_name = #{record.pName,jdbcType=VARCHAR},
      url = #{record.url,jdbcType=VARCHAR},
      sort = #{record.sort,jdbcType=INTEGER},
      highLevel = #{record.highlevel,jdbcType=INTEGER}
    <if test="_parameter != null" >
      <include refid="Update_By_Example_Where_Clause" />
    </if>
  </update>
  <update id="updateByPrimaryKeySelective" parameterType="com.zx.system.pojo.SPower" >
    update s_power
    <set >
      <if test="pName != null" >
        p_name = #{pName,jdbcType=VARCHAR},
      </if>
      <if test="url != null" >
        url = #{url,jdbcType=VARCHAR},
      </if>
      <if test="sort != null" >
        sort = #{sort,jdbcType=INTEGER},
      </if>
      <if test="highlevel != null" >
        highLevel = #{highlevel,jdbcType=INTEGER},
      </if>
    </set>
    where p_id = #{pId,jdbcType=INTEGER}
  </update>
  <update id="updateByPrimaryKey" parameterType="com.zx.system.pojo.SPower" >
    update s_power
    set p_name = #{pName,jdbcType=VARCHAR},
      url = #{url,jdbcType=VARCHAR},
      sort = #{sort,jdbcType=INTEGER},
      highLevel = #{highlevel,jdbcType=INTEGER}
    where p_id = #{pId,jdbcType=INTEGER}
  </update>
  
  <select id="selectpower" parameterType="int" resultMap="BaseResultMap">
 		select d.* from  s_power d  left join s_r_p f  on d.p_id=f.p_id where f.r_id=#{fpid} 
 </select>
 
 
 
 
 
 
</mapper>