<?xml version="1.0" encoding="UTF-8" ?>
<!DOCTYPE mapper PUBLIC "-//mybatis.org//DTD Mapper 3.0//EN" "http://mybatis.org/dtd/mybatis-3-mapper.dtd" >
<mapper namespace="com.zx.system.mapper.SRoleMapper" >
  <resultMap id="BaseResultMap" type="com.zx.system.pojo.SRole" >
    <id column="r_id" property="rId" jdbcType="INTEGER" />
    <result column="r_name" property="rName" jdbcType="VARCHAR" />
  </resultMap>
  <sql id="Example_Where_Clause" >
    <where >
      <foreach collection="oredCriteria" item="criteria" separator="or" >
        <if test="criteria.valid" >
          <trim prefix="(" suffix=")" prefixOverrides="and" >
            <foreach collection="criteria.criteria" item="criterion" >
              <choose >
                <when test="criterion.noValue" >
                  and ${criterion.condition}
                </when>
                <when test="criterion.singleValue" >
                  and ${criterion.condition} #{criterion.value}
                </when>
                <when test="criterion.betweenValue" >
                  and ${criterion.condition} #{criterion.value} and #{criterion.secondValue}
                </when>
                <when test="criterion.listValue" >
                  and ${criterion.condition}
                  <foreach collection="criterion.value" item="listItem" open="(" close=")" separator="," >
                    #{listItem}
                  </foreach>
                </when>
              </choose>
            </foreach>
          </trim>
        </if>
      </foreach>
    </where>
  </sql>
  <sql id="Update_By_Example_Where_Clause" >
    <where >
      <foreach collection="example.oredCriteria" item="criteria" separator="or" >
        <if test="criteria.valid" >
          <trim prefix="(" suffix=")" prefixOverrides="and" >
            <foreach collection="criteria.criteria" item="criterion" >
              <choose >
                <when test="criterion.noValue" >
                  and ${criterion.condition}
                </when>
                <when test="criterion.singleValue" >
                  and ${criterion.condition} #{criterion.value}
                </when>
                <when test="criterion.betweenValue" >
                  and ${criterion.condition} #{criterion.value} and #{criterion.secondValue}
                </when>
                <when test="criterion.listValue" >
                  and ${criterion.condition}
                  <foreach collection="criterion.value" item="listItem" open="(" close=")" separator="," >
                    #{listItem}
                  </foreach>
                </when>
              </choose>
            </foreach>
          </trim>
        </if>
      </foreach>
    </where>
  </sql>
  <sql id="Base_Column_List" >
    r_id, r_name
  </sql>
  <select id="selectByExample" resultMap="BaseResultMap" parameterType="com.zx.system.pojo.SRoleExample" >
    select
    <if test="distinct" >
      distinct
    </if>
    <include refid="Base_Column_List" />
    from s_role
    <if test="_parameter != null" >
      <include refid="Example_Where_Clause" />
    </if>
    <if test="orderByClause != null" >
      order by ${orderByClause}
    </if>
  </select>
  <select id="selectByPrimaryKey" resultMap="BaseResultMap" parameterType="java.lang.Integer" >
    select 
    <include refid="Base_Column_List" />
    from s_role
    where r_id = #{rId,jdbcType=INTEGER}
  </select>
  <delete id="deleteByPrimaryKey" parameterType="java.lang.Integer" >
    delete from s_role
    where r_id = #{rId,jdbcType=INTEGER}
  </delete>
  <delete id="deleteByExample" parameterType="com.zx.system.pojo.SRoleExample" >
    delete from s_role
    <if test="_parameter != null" >
      <include refid="Example_Where_Clause" />
    </if>
  </delete>
  <insert id="insert" parameterType="com.zx.system.pojo.SRole" >
    insert into s_role ( r_name)
    values (#{rName,jdbcType=VARCHAR})
  </insert>
  <insert id="insertSelective" parameterType="com.zx.system.pojo.SRole" >
    insert into s_role
    <trim prefix="(" suffix=")" suffixOverrides="," >
      <if test="rId != null" >
        r_id,
      </if>
      <if test="rName != null" >
        r_name,
      </if>
    </trim>
    <trim prefix="values (" suffix=")" suffixOverrides="," >
      <if test="rId != null" >
        #{rId,jdbcType=INTEGER},
      </if>
      <if test="rName != null" >
        #{rName,jdbcType=VARCHAR},
      </if>
    </trim>
  </insert>
  <select id="countByExample" parameterType="com.zx.system.pojo.SRoleExample" resultType="java.lang.Integer" >
    select count(*) from s_role
    <if test="_parameter != null" >
      <include refid="Example_Where_Clause" />
    </if>
  </select>
  <update id="updateByExampleSelective" parameterType="map" >
    update s_role
    <set >
      <if test="record.rId != null" >
        r_id = #{record.rId,jdbcType=INTEGER},
      </if>
      <if test="record.rName != null" >
        r_name = #{record.rName,jdbcType=VARCHAR},
      </if>
    </set>
    <if test="_parameter != null" >
      <include refid="Update_By_Example_Where_Clause" />
    </if>
  </update>
  <update id="updateByExample" parameterType="map" >
    update s_role
    set r_id = #{record.rId,jdbcType=INTEGER},
      r_name = #{record.rName,jdbcType=VARCHAR}
    <if test="_parameter != null" >
      <include refid="Update_By_Example_Where_Clause" />
    </if>
  </update>
  <update id="updateByPrimaryKeySelective" parameterType="com.zx.system.pojo.SRole" >
    update s_role
    <set >
      <if test="rName != null" >
        r_name = #{rName,jdbcType=VARCHAR},
      </if>
    </set>
    where r_id = #{rId,jdbcType=INTEGER}
  </update>
  <update id="updateByPrimaryKey" parameterType="com.zx.system.pojo.SRole" >
    update s_role
    set r_name = #{rName,jdbcType=VARCHAR}
    where r_id = #{rId,jdbcType=INTEGER}
  </update>
  
  <resultMap type="com.zx.system.vo.SRoleVO" id="map2" extends="BaseResultMap">
 <collection property="power" ofType="com.zx.system.pojo.SPower" column="r_id" select="com.zx.system.mapper.SPowerMapper.selectpower">
    
 </collection>
 
 </resultMap>
 <select id="selectUserRole" parameterType="int" resultMap="map2">
 select g.*  from s_role g where  g.r_id=#{crid}
 </select>

</mapper>