<?xml version="1.0" encoding="UTF-8" ?>
<!DOCTYPE mapper PUBLIC "-//mybatis.org//DTD Mapper 3.0//EN" "http://mybatis.org/dtd/mybatis-3-mapper.dtd" >
<mapper namespace="com.zx.system.mapper.SRPMapper" >
  <resultMap id="BaseResultMap" type="com.zx.system.pojo.SRP" >
    <id column="r_p_id" property="rPId" jdbcType="INTEGER" />
    <result column="r_id" property="rId" jdbcType="INTEGER" />
    <result column="p_id" property="pId" jdbcType="INTEGER" />
  </resultMap>
  <sql id="Example_Where_Clause" >
    <where >
      <foreach collection="oredCriteria" item="criteria" separator="or" >
        <if test="criteria.valid" >
          <trim prefix="(" suffix=")" prefixOverrides="and" >
            <foreach collection="criteria.criteria" item="criterion" >
              <choose >
                <when test="criterion.noValue" >
                  and ${criterion.condition}
                </when>
                <when test="criterion.singleValue" >
                  and ${criterion.condition} #{criterion.value}
                </when>
                <when test="criterion.betweenValue" >
                  and ${criterion.condition} #{criterion.value} and #{criterion.secondValue}
                </when>
                <when test="criterion.listValue" >
                  and ${criterion.condition}
                  <foreach collection="criterion.value" item="listItem" open="(" close=")" separator="," >
                    #{listItem}
                  </foreach>
                </when>
              </choose>
            </foreach>
          </trim>
        </if>
      </foreach>
    </where>
  </sql>
  <sql id="Update_By_Example_Where_Clause" >
    <where >
      <foreach collection="example.oredCriteria" item="criteria" separator="or" >
        <if test="criteria.valid" >
          <trim prefix="(" suffix=")" prefixOverrides="and" >
            <foreach collection="criteria.criteria" item="criterion" >
              <choose >
                <when test="criterion.noValue" >
                  and ${criterion.condition}
                </when>
                <when test="criterion.singleValue" >
                  and ${criterion.condition} #{criterion.value}
                </when>
                <when test="criterion.betweenValue" >
                  and ${criterion.condition} #{criterion.value} and #{criterion.secondValue}
                </when>
                <when test="criterion.listValue" >
                  and ${criterion.condition}
                  <foreach collection="criterion.value" item="listItem" open="(" close=")" separator="," >
                    #{listItem}
                  </foreach>
                </when>
              </choose>
            </foreach>
          </trim>
        </if>
      </foreach>
    </where>
  </sql>
  <sql id="Base_Column_List" >
    r_p_id, r_id, p_id
  </sql>
  <select id="selectByExample" resultMap="BaseResultMap" parameterType="com.zx.system.pojo.SRPExample" >
    select
    <if test="distinct" >
      distinct
    </if>
    <include refid="Base_Column_List" />
    from s_r_p
    <if test="_parameter != null" >
      <include refid="Example_Where_Clause" />
    </if>
    <if test="orderByClause != null" >
      order by ${orderByClause}
    </if>
  </select>
  <select id="selectByPrimaryKey" resultMap="BaseResultMap" parameterType="java.lang.Integer" >
    select 
    <include refid="Base_Column_List" />
    from s_r_p
    where r_p_id = #{rPId,jdbcType=INTEGER}
  </select>
  <delete id="deleteByPrimaryKey" parameterType="java.lang.Integer" >
    delete from s_r_p
    where r_p_id = #{rPId,jdbcType=INTEGER}
  </delete>
  <delete id="deleteByExample" parameterType="com.zx.system.pojo.SRPExample" >
    delete from s_r_p
    <if test="_parameter != null" >
      <include refid="Example_Where_Clause" />
    </if>
  </delete>
  <insert id="insert" parameterType="com.zx.system.pojo.SRP" >
    insert into s_r_p (r_id, p_id
      )
    values (#{rId,jdbcType=INTEGER}, #{pId,jdbcType=INTEGER}
      )
  </insert>
  <insert id="insertSelective" parameterType="com.zx.system.pojo.SRP" >
    insert into s_r_p
    <trim prefix="(" suffix=")" suffixOverrides="," >
      <if test="rPId != null" >
        r_p_id,
      </if>
      <if test="rId != null" >
        r_id,
      </if>
      <if test="pId != null" >
        p_id,
      </if>
    </trim>
    <trim prefix="values (" suffix=")" suffixOverrides="," >
      <if test="rPId != null" >
        #{rPId,jdbcType=INTEGER},
      </if>
      <if test="rId != null" >
        #{rId,jdbcType=INTEGER},
      </if>
      <if test="pId != null" >
        #{pId,jdbcType=INTEGER},
      </if>
    </trim>
  </insert>
  <select id="countByExample" parameterType="com.zx.system.pojo.SRPExample" resultType="java.lang.Integer" >
    select count(*) from s_r_p
    <if test="_parameter != null" >
      <include refid="Example_Where_Clause" />
    </if>
  </select>
  <update id="updateByExampleSelective" parameterType="map" >
    update s_r_p
    <set >
      <if test="record.rPId != null" >
        r_p_id = #{record.rPId,jdbcType=INTEGER},
      </if>
      <if test="record.rId != null" >
        r_id = #{record.rId,jdbcType=INTEGER},
      </if>
      <if test="record.pId != null" >
        p_id = #{record.pId,jdbcType=INTEGER},
      </if>
    </set>
    <if test="_parameter != null" >
      <include refid="Update_By_Example_Where_Clause" />
    </if>
  </update>
  <update id="updateByExample" parameterType="map" >
    update s_r_p
    set r_p_id = #{record.rPId,jdbcType=INTEGER},
      r_id = #{record.rId,jdbcType=INTEGER},
      p_id = #{record.pId,jdbcType=INTEGER}
    <if test="_parameter != null" >
      <include refid="Update_By_Example_Where_Clause" />
    </if>
  </update>
  <update id="updateByPrimaryKeySelective" parameterType="com.zx.system.pojo.SRP" >
    update s_r_p
    <set >
      <if test="rId != null" >
        r_id = #{rId,jdbcType=INTEGER},
      </if>
      <if test="pId != null" >
        p_id = #{pId,jdbcType=INTEGER},
      </if>
    </set>
    where r_p_id = #{rPId,jdbcType=INTEGER}
  </update>
  <update id="updateByPrimaryKey" parameterType="com.zx.system.pojo.SRP" >
    update s_r_p
    set r_id = #{rId,jdbcType=INTEGER},
      p_id = #{pId,jdbcType=INTEGER}
    where r_p_id = #{rPId,jdbcType=INTEGER}
  </update>
</mapper>