<?xml version="1.0" encoding="UTF-8"?>
<!DOCTYPE mapper PUBLIC "-//mybatis.org//DTD Mapper 3.0//EN" "http://mybatis.org/dtd/mybatis-3-mapper.dtd">
<mapper namespace="com.zx.business.mapper.BankingGxyeMapper">
  <resultMap id="BaseResultMap" type="com.zx.business.pojo.BankingGxye">
    <id column="month" jdbcType="INTEGER" property="month" />
    <result column="banking_ckye" jdbcType="REAL" property="bankingCkye" />
    <result column="banking_dkye" jdbcType="REAL" property="bankingDkye" />
  </resultMap>
  <sql id="Example_Where_Clause">
    <where>
      <foreach collection="oredCriteria" item="criteria" separator="or">
        <if test="criteria.valid">
          <trim prefix="(" prefixOverrides="and" suffix=")">
            <foreach collection="criteria.criteria" item="criterion">
              <choose>
                <when test="criterion.noValue">
                  and ${criterion.condition}
                </when>
                <when test="criterion.singleValue">
                  and ${criterion.condition} #{criterion.value}
                </when>
                <when test="criterion.betweenValue">
                  and ${criterion.condition} #{criterion.value} and #{criterion.secondValue}
                </when>
                <when test="criterion.listValue">
                  and ${criterion.condition}
                  <foreach close=")" collection="criterion.value" item="listItem" open="(" separator=",">
                    #{listItem}
                  </foreach>
                </when>
              </choose>
            </foreach>
          </trim>
        </if>
      </foreach>
    </where>
  </sql>
  <sql id="Update_By_Example_Where_Clause">
    <where>
      <foreach collection="example.oredCriteria" item="criteria" separator="or">
        <if test="criteria.valid">
          <trim prefix="(" prefixOverrides="and" suffix=")">
            <foreach collection="criteria.criteria" item="criterion">
              <choose>
                <when test="criterion.noValue">
                  and ${criterion.condition}
                </when>
                <when test="criterion.singleValue">
                  and ${criterion.condition} #{criterion.value}
                </when>
                <when test="criterion.betweenValue">
                  and ${criterion.condition} #{criterion.value} and #{criterion.secondValue}
                </when>
                <when test="criterion.listValue">
                  and ${criterion.condition}
                  <foreach close=")" collection="criterion.value" item="listItem" open="(" separator=",">
                    #{listItem}
                  </foreach>
                </when>
              </choose>
            </foreach>
          </trim>
        </if>
      </foreach>
    </where>
  </sql>
  <sql id="Base_Column_List">
    month, banking_ckye, banking_dkye
  </sql>
  <select id="selectByExample" parameterType="com.zx.business.pojo.BankingGxyeExample" resultMap="BaseResultMap">
    select
    <if test="distinct">
      distinct
    </if>
    <include refid="Base_Column_List" />
    from banking_gxye
    <if test="_parameter != null">
      <include refid="Example_Where_Clause" />
    </if>
    <if test="orderByClause != null">
      order by ${orderByClause}
    </if>
  </select>
  <select id="selectByPrimaryKey" parameterType="java.lang.Integer" resultMap="BaseResultMap">
    select 
    <include refid="Base_Column_List" />
    from banking_gxye
    where month = #{month,jdbcType=INTEGER}
  </select>
  <delete id="deleteByPrimaryKey" parameterType="java.lang.Integer">
    delete from banking_gxye
    where month = #{month,jdbcType=INTEGER}
  </delete>
  <delete id="deleteByExample" parameterType="com.zx.business.pojo.BankingGxyeExample">
    delete from banking_gxye
    <if test="_parameter != null">
      <include refid="Example_Where_Clause" />
    </if>
  </delete>
  <insert id="insert" parameterType="com.zx.business.pojo.BankingGxye">
    insert into banking_gxye (month, banking_ckye, banking_dkye
      )
    values (#{month,jdbcType=INTEGER}, #{bankingCkye,jdbcType=REAL}, #{bankingDkye,jdbcType=REAL}
      )
  </insert>
  <insert id="insertSelective" parameterType="com.zx.business.pojo.BankingGxye">
    insert into banking_gxye
    <trim prefix="(" suffix=")" suffixOverrides=",">
      <if test="month != null">
        month,
      </if>
      <if test="bankingCkye != null">
        banking_ckye,
      </if>
      <if test="bankingDkye != null">
        banking_dkye,
      </if>
    </trim>
    <trim prefix="values (" suffix=")" suffixOverrides=",">
      <if test="month != null">
        #{month,jdbcType=INTEGER},
      </if>
      <if test="bankingCkye != null">
        #{bankingCkye,jdbcType=REAL},
      </if>
      <if test="bankingDkye != null">
        #{bankingDkye,jdbcType=REAL},
      </if>
    </trim>
  </insert>
  <select id="countByExample" parameterType="com.zx.business.pojo.BankingGxyeExample" resultType="java.lang.Long">
    select count(*) from banking_gxye
    <if test="_parameter != null">
      <include refid="Example_Where_Clause" />
    </if>
  </select>
  <update id="updateByExampleSelective" parameterType="map">
    update banking_gxye
    <set>
      <if test="record.month != null">
        month = #{record.month,jdbcType=INTEGER},
      </if>
      <if test="record.bankingCkye != null">
        banking_ckye = #{record.bankingCkye,jdbcType=REAL},
      </if>
      <if test="record.bankingDkye != null">
        banking_dkye = #{record.bankingDkye,jdbcType=REAL},
      </if>
    </set>
    <if test="_parameter != null">
      <include refid="Update_By_Example_Where_Clause" />
    </if>
  </update>
  <update id="updateByExample" parameterType="map">
    update banking_gxye
    set month = #{record.month,jdbcType=INTEGER},
      banking_ckye = #{record.bankingCkye,jdbcType=REAL},
      banking_dkye = #{record.bankingDkye,jdbcType=REAL}
    <if test="_parameter != null">
      <include refid="Update_By_Example_Where_Clause" />
    </if>
  </update>
  <update id="updateByPrimaryKeySelective" parameterType="com.zx.business.pojo.BankingGxye">
    update banking_gxye
    <set>
      <if test="bankingCkye != null">
        banking_ckye = #{bankingCkye,jdbcType=REAL},
      </if>
      <if test="bankingDkye != null">
        banking_dkye = #{bankingDkye,jdbcType=REAL},
      </if>
    </set>
    where month = #{month,jdbcType=INTEGER}
  </update>
  <update id="updateByPrimaryKey" parameterType="com.zx.business.pojo.BankingGxye">
    update banking_gxye
    set banking_ckye = #{bankingCkye,jdbcType=REAL},
      banking_dkye = #{bankingDkye,jdbcType=REAL}
    where month = #{month,jdbcType=INTEGER}
  </update>
</mapper>