<?xml version="1.0" encoding="UTF-8"?>
<!DOCTYPE mapper PUBLIC "-//mybatis.org//DTD Mapper 3.0//EN" "http://mybatis.org/dtd/mybatis-3-mapper.dtd">
<mapper namespace="com.zx.business.mapper.BBrowseConcernMapper">
  <resultMap id="BaseResultMap" type="com.zx.business.pojo.BBrowseConcern">
    <id column="id" jdbcType="INTEGER" property="id" />
    <result column="b_close" jdbcType="INTEGER" property="bClose" />
    <result column="b_release_info" jdbcType="INTEGER" property="bReleaseInfo" />
    <result column="b_visit" jdbcType="INTEGER" property="bVisit" />
    <result column="b_acc_visit" jdbcType="INTEGER" property="bAccVisit" />
  </resultMap>
  <sql id="Example_Where_Clause">
    <where>
      <foreach collection="oredCriteria" item="criteria" separator="or">
        <if test="criteria.valid">
          <trim prefix="(" prefixOverrides="and" suffix=")">
            <foreach collection="criteria.criteria" item="criterion">
              <choose>
                <when test="criterion.noValue">
                  and ${criterion.condition}
                </when>
                <when test="criterion.singleValue">
                  and ${criterion.condition} #{criterion.value}
                </when>
                <when test="criterion.betweenValue">
                  and ${criterion.condition} #{criterion.value} and #{criterion.secondValue}
                </when>
                <when test="criterion.listValue">
                  and ${criterion.condition}
                  <foreach close=")" collection="criterion.value" item="listItem" open="(" separator=",">
                    #{listItem}
                  </foreach>
                </when>
              </choose>
            </foreach>
          </trim>
        </if>
      </foreach>
    </where>
  </sql>
  <sql id="Update_By_Example_Where_Clause">
    <where>
      <foreach collection="example.oredCriteria" item="criteria" separator="or">
        <if test="criteria.valid">
          <trim prefix="(" prefixOverrides="and" suffix=")">
            <foreach collection="criteria.criteria" item="criterion">
              <choose>
                <when test="criterion.noValue">
                  and ${criterion.condition}
                </when>
                <when test="criterion.singleValue">
                  and ${criterion.condition} #{criterion.value}
                </when>
                <when test="criterion.betweenValue">
                  and ${criterion.condition} #{criterion.value} and #{criterion.secondValue}
                </when>
                <when test="criterion.listValue">
                  and ${criterion.condition}
                  <foreach close=")" collection="criterion.value" item="listItem" open="(" separator=",">
                    #{listItem}
                  </foreach>
                </when>
              </choose>
            </foreach>
          </trim>
        </if>
      </foreach>
    </where>
  </sql>
  <sql id="Base_Column_List">
    id, b_close, b_release_info, b_visit, b_acc_visit
  </sql>
  <select id="selectByExample" parameterType="com.zx.business.pojo.BBrowseConcernExample" resultMap="BaseResultMap">
    select
    <if test="distinct">
      distinct
    </if>
    <include refid="Base_Column_List" />
    from b_browse_concern
    <if test="_parameter != null">
      <include refid="Example_Where_Clause" />
    </if>
    <if test="orderByClause != null">
      order by ${orderByClause}
    </if>
  </select>
  <select id="selectByPrimaryKey" parameterType="java.lang.Integer" resultMap="BaseResultMap">
    select 
    <include refid="Base_Column_List" />
    from b_browse_concern
    where id = #{id,jdbcType=INTEGER}
  </select>
  <delete id="deleteByPrimaryKey" parameterType="java.lang.Integer">
    delete from b_browse_concern
    where id = #{id,jdbcType=INTEGER}
  </delete>
  <delete id="deleteByExample" parameterType="com.zx.business.pojo.BBrowseConcernExample">
    delete from b_browse_concern
    <if test="_parameter != null">
      <include refid="Example_Where_Clause" />
    </if>
  </delete>
  <insert id="insert" parameterType="com.zx.business.pojo.BBrowseConcern">
    insert into b_browse_concern (id, b_close, b_release_info, 
      b_visit, b_acc_visit)
    values (#{id,jdbcType=INTEGER}, #{bClose,jdbcType=INTEGER}, #{bReleaseInfo,jdbcType=INTEGER}, 
      #{bVisit,jdbcType=INTEGER}, #{bAccVisit,jdbcType=INTEGER})
  </insert>
  <insert id="insertSelective" parameterType="com.zx.business.pojo.BBrowseConcern">
    insert into b_browse_concern
    <trim prefix="(" suffix=")" suffixOverrides=",">
      <if test="id != null">
        id,
      </if>
      <if test="bClose != null">
        b_close,
      </if>
      <if test="bReleaseInfo != null">
        b_release_info,
      </if>
      <if test="bVisit != null">
        b_visit,
      </if>
      <if test="bAccVisit != null">
        b_acc_visit,
      </if>
    </trim>
    <trim prefix="values (" suffix=")" suffixOverrides=",">
      <if test="id != null">
        #{id,jdbcType=INTEGER},
      </if>
      <if test="bClose != null">
        #{bClose,jdbcType=INTEGER},
      </if>
      <if test="bReleaseInfo != null">
        #{bReleaseInfo,jdbcType=INTEGER},
      </if>
      <if test="bVisit != null">
        #{bVisit,jdbcType=INTEGER},
      </if>
      <if test="bAccVisit != null">
        #{bAccVisit,jdbcType=INTEGER},
      </if>
    </trim>
  </insert>
  <select id="countByExample" parameterType="com.zx.business.pojo.BBrowseConcernExample" resultType="java.lang.Long">
    select count(*) from b_browse_concern
    <if test="_parameter != null">
      <include refid="Example_Where_Clause" />
    </if>
  </select>
  <update id="updateByExampleSelective" parameterType="map">
    update b_browse_concern
    <set>
      <if test="record.id != null">
        id = #{record.id,jdbcType=INTEGER},
      </if>
      <if test="record.bClose != null">
        b_close = #{record.bClose,jdbcType=INTEGER},
      </if>
      <if test="record.bReleaseInfo != null">
        b_release_info = #{record.bReleaseInfo,jdbcType=INTEGER},
      </if>
      <if test="record.bVisit != null">
        b_visit = #{record.bVisit,jdbcType=INTEGER},
      </if>
      <if test="record.bAccVisit != null">
        b_acc_visit = #{record.bAccVisit,jdbcType=INTEGER},
      </if>
    </set>
    <if test="_parameter != null">
      <include refid="Update_By_Example_Where_Clause" />
    </if>
  </update>
  <update id="updateByExample" parameterType="map">
    update b_browse_concern
    set id = #{record.id,jdbcType=INTEGER},
      b_close = #{record.bClose,jdbcType=INTEGER},
      b_release_info = #{record.bReleaseInfo,jdbcType=INTEGER},
      b_visit = #{record.bVisit,jdbcType=INTEGER},
      b_acc_visit = #{record.bAccVisit,jdbcType=INTEGER}
    <if test="_parameter != null">
      <include refid="Update_By_Example_Where_Clause" />
    </if>
  </update>
  <update id="updateByPrimaryKeySelective" parameterType="com.zx.business.pojo.BBrowseConcern">
    update b_browse_concern
    <set>
      <if test="bClose != null">
        b_close = #{bClose,jdbcType=INTEGER},
      </if>
      <if test="bReleaseInfo != null">
        b_release_info = #{bReleaseInfo,jdbcType=INTEGER},
      </if>
      <if test="bVisit != null">
        b_visit = #{bVisit,jdbcType=INTEGER},
      </if>
      <if test="bAccVisit != null">
        b_acc_visit = #{bAccVisit,jdbcType=INTEGER},
      </if>
    </set>
    where id = #{id,jdbcType=INTEGER}
  </update>
  <update id="updateByPrimaryKey" parameterType="com.zx.business.pojo.BBrowseConcern">
    update b_browse_concern
    set b_close = #{bClose,jdbcType=INTEGER},
      b_release_info = #{bReleaseInfo,jdbcType=INTEGER},
      b_visit = #{bVisit,jdbcType=INTEGER},
      b_acc_visit = #{bAccVisit,jdbcType=INTEGER}
    where id = #{id,jdbcType=INTEGER}
  </update>
</mapper>