<?xml version="1.0" encoding="UTF-8"?>
<!DOCTYPE mapper PUBLIC "-//mybatis.org//DTD Mapper 3.0//EN" "http://mybatis.org/dtd/mybatis-3-mapper.dtd">
<mapper namespace="com.zx.business.mapper.BRealTimeDataMapper">
  <resultMap id="BaseResultMap" type="com.zx.business.pojo.BRealTimeData">
    <id column="id" jdbcType="INTEGER" property="id" />
    <result column="r_type" jdbcType="VARCHAR" property="rType" />
    <result column="r_number" jdbcType="VARCHAR" property="rNumber" />
    <result column="r_rising" jdbcType="VARCHAR" property="rRising" />
    <result column="r_qnumber" jdbcType="VARCHAR" property="rQnumber" />
  </resultMap>
  <sql id="Example_Where_Clause">
    <where>
      <foreach collection="oredCriteria" item="criteria" separator="or">
        <if test="criteria.valid">
          <trim prefix="(" prefixOverrides="and" suffix=")">
            <foreach collection="criteria.criteria" item="criterion">
              <choose>
                <when test="criterion.noValue">
                  and ${criterion.condition}
                </when>
                <when test="criterion.singleValue">
                  and ${criterion.condition} #{criterion.value}
                </when>
                <when test="criterion.betweenValue">
                  and ${criterion.condition} #{criterion.value} and #{criterion.secondValue}
                </when>
                <when test="criterion.listValue">
                  and ${criterion.condition}
                  <foreach close=")" collection="criterion.value" item="listItem" open="(" separator=",">
                    #{listItem}
                  </foreach>
                </when>
              </choose>
            </foreach>
          </trim>
        </if>
      </foreach>
    </where>
  </sql>
  <sql id="Update_By_Example_Where_Clause">
    <where>
      <foreach collection="example.oredCriteria" item="criteria" separator="or">
        <if test="criteria.valid">
          <trim prefix="(" prefixOverrides="and" suffix=")">
            <foreach collection="criteria.criteria" item="criterion">
              <choose>
                <when test="criterion.noValue">
                  and ${criterion.condition}
                </when>
                <when test="criterion.singleValue">
                  and ${criterion.condition} #{criterion.value}
                </when>
                <when test="criterion.betweenValue">
                  and ${criterion.condition} #{criterion.value} and #{criterion.secondValue}
                </when>
                <when test="criterion.listValue">
                  and ${criterion.condition}
                  <foreach close=")" collection="criterion.value" item="listItem" open="(" separator=",">
                    #{listItem}
                  </foreach>
                </when>
              </choose>
            </foreach>
          </trim>
        </if>
      </foreach>
    </where>
  </sql>
  <sql id="Base_Column_List">
    id, r_type, r_number, r_rising, r_qnumber
  </sql>
  <select id="selectByExample" parameterType="com.zx.business.pojo.BRealTimeDataExample" resultMap="BaseResultMap">
    select
    <if test="distinct">
      distinct
    </if>
    <include refid="Base_Column_List" />
    from b_real_time_data
    <if test="_parameter != null">
      <include refid="Example_Where_Clause" />
    </if>
    <if test="orderByClause != null">
      order by ${orderByClause}
    </if>
  </select>
  <select id="selectByPrimaryKey" parameterType="java.lang.Integer" resultMap="BaseResultMap">
    select 
    <include refid="Base_Column_List" />
    from b_real_time_data
    where id = #{id,jdbcType=INTEGER}
  </select>
  <delete id="deleteByPrimaryKey" parameterType="java.lang.Integer">
    delete from b_real_time_data
    where id = #{id,jdbcType=INTEGER}
  </delete>
  <delete id="deleteByExample" parameterType="com.zx.business.pojo.BRealTimeDataExample">
    delete from b_real_time_data
    <if test="_parameter != null">
      <include refid="Example_Where_Clause" />
    </if>
  </delete>
  <insert id="insert" parameterType="com.zx.business.pojo.BRealTimeData">
    insert into b_real_time_data (id, r_type, r_number, 
      r_rising, r_qnumber)
    values (#{id,jdbcType=INTEGER}, #{rType,jdbcType=VARCHAR}, #{rNumber,jdbcType=VARCHAR}, 
      #{rRising,jdbcType=VARCHAR}, #{rQnumber,jdbcType=VARCHAR})
  </insert>
  <insert id="insertSelective" parameterType="com.zx.business.pojo.BRealTimeData">
    insert into b_real_time_data
    <trim prefix="(" suffix=")" suffixOverrides=",">
      <if test="id != null">
        id,
      </if>
      <if test="rType != null">
        r_type,
      </if>
      <if test="rNumber != null">
        r_number,
      </if>
      <if test="rRising != null">
        r_rising,
      </if>
      <if test="rQnumber != null">
        r_qnumber,
      </if>
    </trim>
    <trim prefix="values (" suffix=")" suffixOverrides=",">
      <if test="id != null">
        #{id,jdbcType=INTEGER},
      </if>
      <if test="rType != null">
        #{rType,jdbcType=VARCHAR},
      </if>
      <if test="rNumber != null">
        #{rNumber,jdbcType=VARCHAR},
      </if>
      <if test="rRising != null">
        #{rRising,jdbcType=VARCHAR},
      </if>
      <if test="rQnumber != null">
        #{rQnumber,jdbcType=VARCHAR},
      </if>
    </trim>
  </insert>
  <select id="countByExample" parameterType="com.zx.business.pojo.BRealTimeDataExample" resultType="java.lang.Long">
    select count(*) from b_real_time_data
    <if test="_parameter != null">
      <include refid="Example_Where_Clause" />
    </if>
  </select>
  <update id="updateByExampleSelective" parameterType="map">
    update b_real_time_data
    <set>
      <if test="record.id != null">
        id = #{record.id,jdbcType=INTEGER},
      </if>
      <if test="record.rType != null">
        r_type = #{record.rType,jdbcType=VARCHAR},
      </if>
      <if test="record.rNumber != null">
        r_number = #{record.rNumber,jdbcType=VARCHAR},
      </if>
      <if test="record.rRising != null">
        r_rising = #{record.rRising,jdbcType=VARCHAR},
      </if>
      <if test="record.rQnumber != null">
        r_qnumber = #{record.rQnumber,jdbcType=VARCHAR},
      </if>
    </set>
    <if test="_parameter != null">
      <include refid="Update_By_Example_Where_Clause" />
    </if>
  </update>
  <update id="updateByExample" parameterType="map">
    update b_real_time_data
    set id = #{record.id,jdbcType=INTEGER},
      r_type = #{record.rType,jdbcType=VARCHAR},
      r_number = #{record.rNumber,jdbcType=VARCHAR},
      r_rising = #{record.rRising,jdbcType=VARCHAR},
      r_qnumber = #{record.rQnumber,jdbcType=VARCHAR}
    <if test="_parameter != null">
      <include refid="Update_By_Example_Where_Clause" />
    </if>
  </update>
  <update id="updateByPrimaryKeySelective" parameterType="com.zx.business.pojo.BRealTimeData">
    update b_real_time_data
    <set>
      <if test="rType != null">
        r_type = #{rType,jdbcType=VARCHAR},
      </if>
      <if test="rNumber != null">
        r_number = #{rNumber,jdbcType=VARCHAR},
      </if>
      <if test="rRising != null">
        r_rising = #{rRising,jdbcType=VARCHAR},
      </if>
      <if test="rQnumber != null">
        r_qnumber = #{rQnumber,jdbcType=VARCHAR},
      </if>
    </set>
    where id = #{id,jdbcType=INTEGER}
  </update>
  <update id="updateByPrimaryKey" parameterType="com.zx.business.pojo.BRealTimeData">
    update b_real_time_data
    set r_type = #{rType,jdbcType=VARCHAR},
      r_number = #{rNumber,jdbcType=VARCHAR},
      r_rising = #{rRising,jdbcType=VARCHAR},
      r_qnumber = #{rQnumber,jdbcType=VARCHAR}
    where id = #{id,jdbcType=INTEGER}
  </update>
</mapper>