<?xml version="1.0" encoding="UTF-8"?>
<!DOCTYPE mapper PUBLIC "-//mybatis.org//DTD Mapper 3.0//EN" "http://mybatis.org/dtd/mybatis-3-mapper.dtd">
<mapper namespace="com.zx.business.mapper.IndustryCcPriceZsMapper">
  <resultMap id="BaseResultMap" type="com.zx.business.pojo.IndustryCcPriceZs">
    <id column="month" jdbcType="INTEGER" property="month" />
    <result column="industry_cc_price_zs" jdbcType="REAL" property="industryCcPriceZs" />
  </resultMap>
  <sql id="Example_Where_Clause">
    <where>
      <foreach collection="oredCriteria" item="criteria" separator="or">
        <if test="criteria.valid">
          <trim prefix="(" prefixOverrides="and" suffix=")">
            <foreach collection="criteria.criteria" item="criterion">
              <choose>
                <when test="criterion.noValue">
                  and ${criterion.condition}
                </when>
                <when test="criterion.singleValue">
                  and ${criterion.condition} #{criterion.value}
                </when>
                <when test="criterion.betweenValue">
                  and ${criterion.condition} #{criterion.value} and #{criterion.secondValue}
                </when>
                <when test="criterion.listValue">
                  and ${criterion.condition}
                  <foreach close=")" collection="criterion.value" item="listItem" open="(" separator=",">
                    #{listItem}
                  </foreach>
                </when>
              </choose>
            </foreach>
          </trim>
        </if>
      </foreach>
    </where>
  </sql>
  <sql id="Update_By_Example_Where_Clause">
    <where>
      <foreach collection="example.oredCriteria" item="criteria" separator="or">
        <if test="criteria.valid">
          <trim prefix="(" prefixOverrides="and" suffix=")">
            <foreach collection="criteria.criteria" item="criterion">
              <choose>
                <when test="criterion.noValue">
                  and ${criterion.condition}
                </when>
                <when test="criterion.singleValue">
                  and ${criterion.condition} #{criterion.value}
                </when>
                <when test="criterion.betweenValue">
                  and ${criterion.condition} #{criterion.value} and #{criterion.secondValue}
                </when>
                <when test="criterion.listValue">
                  and ${criterion.condition}
                  <foreach close=")" collection="criterion.value" item="listItem" open="(" separator=",">
                    #{listItem}
                  </foreach>
                </when>
              </choose>
            </foreach>
          </trim>
        </if>
      </foreach>
    </where>
  </sql>
  <sql id="Base_Column_List">
    month, industry_cc_price_zs
  </sql>
  <select id="selectByExample" parameterType="com.zx.business.pojo.IndustryCcPriceZsExample" resultMap="BaseResultMap">
    select
    <if test="distinct">
      distinct
    </if>
    <include refid="Base_Column_List" />
    from industry_cc_price_zs
    <if test="_parameter != null">
      <include refid="Example_Where_Clause" />
    </if>
    <if test="orderByClause != null">
      order by ${orderByClause}
    </if>
  </select>
  <select id="selectByPrimaryKey" parameterType="java.lang.Integer" resultMap="BaseResultMap">
    select 
    <include refid="Base_Column_List" />
    from industry_cc_price_zs
    where month = #{month,jdbcType=INTEGER}
  </select>
  <delete id="deleteByPrimaryKey" parameterType="java.lang.Integer">
    delete from industry_cc_price_zs
    where month = #{month,jdbcType=INTEGER}
  </delete>
  <delete id="deleteByExample" parameterType="com.zx.business.pojo.IndustryCcPriceZsExample">
    delete from industry_cc_price_zs
    <if test="_parameter != null">
      <include refid="Example_Where_Clause" />
    </if>
  </delete>
  <insert id="insert" parameterType="com.zx.business.pojo.IndustryCcPriceZs">
    insert into industry_cc_price_zs (month, industry_cc_price_zs)
    values (#{month,jdbcType=INTEGER}, #{industryCcPriceZs,jdbcType=REAL})
  </insert>
  <insert id="insertSelective" parameterType="com.zx.business.pojo.IndustryCcPriceZs">
    insert into industry_cc_price_zs
    <trim prefix="(" suffix=")" suffixOverrides=",">
      <if test="month != null">
        month,
      </if>
      <if test="industryCcPriceZs != null">
        industry_cc_price_zs,
      </if>
    </trim>
    <trim prefix="values (" suffix=")" suffixOverrides=",">
      <if test="month != null">
        #{month,jdbcType=INTEGER},
      </if>
      <if test="industryCcPriceZs != null">
        #{industryCcPriceZs,jdbcType=REAL},
      </if>
    </trim>
  </insert>
  <select id="countByExample" parameterType="com.zx.business.pojo.IndustryCcPriceZsExample" resultType="java.lang.Long">
    select count(*) from industry_cc_price_zs
    <if test="_parameter != null">
      <include refid="Example_Where_Clause" />
    </if>
  </select>
  <update id="updateByExampleSelective" parameterType="map">
    update industry_cc_price_zs
    <set>
      <if test="record.month != null">
        month = #{record.month,jdbcType=INTEGER},
      </if>
      <if test="record.industryCcPriceZs != null">
        industry_cc_price_zs = #{record.industryCcPriceZs,jdbcType=REAL},
      </if>
    </set>
    <if test="_parameter != null">
      <include refid="Update_By_Example_Where_Clause" />
    </if>
  </update>
  <update id="updateByExample" parameterType="map">
    update industry_cc_price_zs
    set month = #{record.month,jdbcType=INTEGER},
      industry_cc_price_zs = #{record.industryCcPriceZs,jdbcType=REAL}
    <if test="_parameter != null">
      <include refid="Update_By_Example_Where_Clause" />
    </if>
  </update>
  <update id="updateByPrimaryKeySelective" parameterType="com.zx.business.pojo.IndustryCcPriceZs">
    update industry_cc_price_zs
    <set>
      <if test="industryCcPriceZs != null">
        industry_cc_price_zs = #{industryCcPriceZs,jdbcType=REAL},
      </if>
    </set>
    where month = #{month,jdbcType=INTEGER}
  </update>
  <update id="updateByPrimaryKey" parameterType="com.zx.business.pojo.IndustryCcPriceZs">
    update industry_cc_price_zs
    set industry_cc_price_zs = #{industryCcPriceZs,jdbcType=REAL}
    where month = #{month,jdbcType=INTEGER}
  </update>
</mapper>