<?xml version="1.0" encoding="UTF-8"?>
<!DOCTYPE mapper PUBLIC "-//mybatis.org//DTD Mapper 3.0//EN" "http://mybatis.org/dtd/mybatis-3-mapper.dtd">
<mapper namespace="com.zx.business.mapper.ParkCompanyStructMapper">
  <resultMap id="BaseResultMap" type="com.zx.business.pojo.ParkCompanyStruct">
    <id column="month" jdbcType="INTEGER" property="month" />
    <result column="nong_lin_m_y_industry" jdbcType="INTEGER" property="nongLinMYIndustry" />
    <result column="cai_kuang_industry" jdbcType="INTEGER" property="caiKuangIndustry" />
    <result column="produce_industry" jdbcType="INTEGER" property="produceIndustry" />
    <result column="dian_re_rq_s_g_industry" jdbcType="INTEGER" property="dianReRqSGIndustry" />
    <result column="building_industry" jdbcType="INTEGER" property="buildingIndustry" />
    <result column="pifa_ls_industry" jdbcType="INTEGER" property="pifaLsIndustry" />
    <result column="traffic_house_mail_industry" jdbcType="INTEGER" property="trafficHouseMailIndustry" />
    <result column="hostel_catering_industry" jdbcType="INTEGER" property="hostelCateringIndustry" />
    <result column="info_tran_soft_it_industry" jdbcType="INTEGER" property="infoTranSoftItIndustry" />
    <result column="banking_industry" jdbcType="INTEGER" property="bankingIndustry" />
    <result column="fangdichan_industry" jdbcType="INTEGER" property="fangdichanIndustry" />
    <result column="rent_business_industry" jdbcType="INTEGER" property="rentBusinessIndustry" />
    <result column="science_technology_industry" jdbcType="INTEGER" property="scienceTechnologyIndustry" />
    <result column="water_environment_public_industry" jdbcType="INTEGER" property="waterEnvironmentPublicIndustry" />
    <result column="neighbour_repair_other_industry" jdbcType="INTEGER" property="neighbourRepairOtherIndustry" />
    <result column="education_industry" jdbcType="INTEGER" property="educationIndustry" />
    <result column="health_social_work" jdbcType="INTEGER" property="healthSocialWork" />
    <result column="culture_sport_amusement_industry" jdbcType="INTEGER" property="cultureSportAmusementIndustry" />
    <result column="public_social_se_social_or" jdbcType="INTEGER" property="publicSocialSeSocialOr" />
    <result column="international_organization" jdbcType="INTEGER" property="internationalOrganization" />
  </resultMap>
  <sql id="Example_Where_Clause">
    <where>
      <foreach collection="oredCriteria" item="criteria" separator="or">
        <if test="criteria.valid">
          <trim prefix="(" prefixOverrides="and" suffix=")">
            <foreach collection="criteria.criteria" item="criterion">
              <choose>
                <when test="criterion.noValue">
                  and ${criterion.condition}
                </when>
                <when test="criterion.singleValue">
                  and ${criterion.condition} #{criterion.value}
                </when>
                <when test="criterion.betweenValue">
                  and ${criterion.condition} #{criterion.value} and #{criterion.secondValue}
                </when>
                <when test="criterion.listValue">
                  and ${criterion.condition}
                  <foreach close=")" collection="criterion.value" item="listItem" open="(" separator=",">
                    #{listItem}
                  </foreach>
                </when>
              </choose>
            </foreach>
          </trim>
        </if>
      </foreach>
    </where>
  </sql>
  <sql id="Update_By_Example_Where_Clause">
    <where>
      <foreach collection="example.oredCriteria" item="criteria" separator="or">
        <if test="criteria.valid">
          <trim prefix="(" prefixOverrides="and" suffix=")">
            <foreach collection="criteria.criteria" item="criterion">
              <choose>
                <when test="criterion.noValue">
                  and ${criterion.condition}
                </when>
                <when test="criterion.singleValue">
                  and ${criterion.condition} #{criterion.value}
                </when>
                <when test="criterion.betweenValue">
                  and ${criterion.condition} #{criterion.value} and #{criterion.secondValue}
                </when>
                <when test="criterion.listValue">
                  and ${criterion.condition}
                  <foreach close=")" collection="criterion.value" item="listItem" open="(" separator=",">
                    #{listItem}
                  </foreach>
                </when>
              </choose>
            </foreach>
          </trim>
        </if>
      </foreach>
    </where>
  </sql>
  <sql id="Base_Column_List">
    month, nong_lin_m_y_industry, cai_kuang_industry, produce_industry, dian_re_rq_s_g_industry, 
    building_industry, pifa_ls_industry, traffic_house_mail_industry, hostel_catering_industry, 
    info_tran_soft_it_industry, banking_industry, fangdichan_industry, rent_business_industry, 
    science_technology_industry, water_environment_public_industry, neighbour_repair_other_industry, 
    education_industry, health_social_work, culture_sport_amusement_industry, public_social_se_social_or, 
    international_organization
  </sql>
  <select id="selectByExample" parameterType="com.zx.business.pojo.ParkCompanyStructExample" resultMap="BaseResultMap">
    select
    <if test="distinct">
      distinct
    </if>
    <include refid="Base_Column_List" />
    from park_company_struct
    <if test="_parameter != null">
      <include refid="Example_Where_Clause" />
    </if>
    <if test="orderByClause != null">
      order by ${orderByClause}
    </if>
  </select>
  <select id="selectByPrimaryKey" parameterType="java.lang.Integer" resultMap="BaseResultMap">
    select 
    <include refid="Base_Column_List" />
    from park_company_struct
    where month = #{month,jdbcType=INTEGER}
  </select>
  <delete id="deleteByPrimaryKey" parameterType="java.lang.Integer">
    delete from park_company_struct
    where month = #{month,jdbcType=INTEGER}
  </delete>
  <delete id="deleteByExample" parameterType="com.zx.business.pojo.ParkCompanyStructExample">
    delete from park_company_struct
    <if test="_parameter != null">
      <include refid="Example_Where_Clause" />
    </if>
  </delete>
  <insert id="insert" parameterType="com.zx.business.pojo.ParkCompanyStruct">
    insert into park_company_struct (month, nong_lin_m_y_industry, cai_kuang_industry, 
      produce_industry, dian_re_rq_s_g_industry, building_industry, 
      pifa_ls_industry, traffic_house_mail_industry, 
      hostel_catering_industry, info_tran_soft_it_industry, 
      banking_industry, fangdichan_industry, rent_business_industry, 
      science_technology_industry, water_environment_public_industry, 
      neighbour_repair_other_industry, education_industry, 
      health_social_work, culture_sport_amusement_industry, 
      public_social_se_social_or, international_organization
      )
    values (#{month,jdbcType=INTEGER}, #{nongLinMYIndustry,jdbcType=INTEGER}, #{caiKuangIndustry,jdbcType=INTEGER}, 
      #{produceIndustry,jdbcType=INTEGER}, #{dianReRqSGIndustry,jdbcType=INTEGER}, #{buildingIndustry,jdbcType=INTEGER}, 
      #{pifaLsIndustry,jdbcType=INTEGER}, #{trafficHouseMailIndustry,jdbcType=INTEGER}, 
      #{hostelCateringIndustry,jdbcType=INTEGER}, #{infoTranSoftItIndustry,jdbcType=INTEGER}, 
      #{bankingIndustry,jdbcType=INTEGER}, #{fangdichanIndustry,jdbcType=INTEGER}, #{rentBusinessIndustry,jdbcType=INTEGER}, 
      #{scienceTechnologyIndustry,jdbcType=INTEGER}, #{waterEnvironmentPublicIndustry,jdbcType=INTEGER}, 
      #{neighbourRepairOtherIndustry,jdbcType=INTEGER}, #{educationIndustry,jdbcType=INTEGER}, 
      #{healthSocialWork,jdbcType=INTEGER}, #{cultureSportAmusementIndustry,jdbcType=INTEGER}, 
      #{publicSocialSeSocialOr,jdbcType=INTEGER}, #{internationalOrganization,jdbcType=INTEGER}
      )
  </insert>
  <insert id="insertSelective" parameterType="com.zx.business.pojo.ParkCompanyStruct">
    insert into park_company_struct
    <trim prefix="(" suffix=")" suffixOverrides=",">
      <if test="month != null">
        month,
      </if>
      <if test="nongLinMYIndustry != null">
        nong_lin_m_y_industry,
      </if>
      <if test="caiKuangIndustry != null">
        cai_kuang_industry,
      </if>
      <if test="produceIndustry != null">
        produce_industry,
      </if>
      <if test="dianReRqSGIndustry != null">
        dian_re_rq_s_g_industry,
      </if>
      <if test="buildingIndustry != null">
        building_industry,
      </if>
      <if test="pifaLsIndustry != null">
        pifa_ls_industry,
      </if>
      <if test="trafficHouseMailIndustry != null">
        traffic_house_mail_industry,
      </if>
      <if test="hostelCateringIndustry != null">
        hostel_catering_industry,
      </if>
      <if test="infoTranSoftItIndustry != null">
        info_tran_soft_it_industry,
      </if>
      <if test="bankingIndustry != null">
        banking_industry,
      </if>
      <if test="fangdichanIndustry != null">
        fangdichan_industry,
      </if>
      <if test="rentBusinessIndustry != null">
        rent_business_industry,
      </if>
      <if test="scienceTechnologyIndustry != null">
        science_technology_industry,
      </if>
      <if test="waterEnvironmentPublicIndustry != null">
        water_environment_public_industry,
      </if>
      <if test="neighbourRepairOtherIndustry != null">
        neighbour_repair_other_industry,
      </if>
      <if test="educationIndustry != null">
        education_industry,
      </if>
      <if test="healthSocialWork != null">
        health_social_work,
      </if>
      <if test="cultureSportAmusementIndustry != null">
        culture_sport_amusement_industry,
      </if>
      <if test="publicSocialSeSocialOr != null">
        public_social_se_social_or,
      </if>
      <if test="internationalOrganization != null">
        international_organization,
      </if>
    </trim>
    <trim prefix="values (" suffix=")" suffixOverrides=",">
      <if test="month != null">
        #{month,jdbcType=INTEGER},
      </if>
      <if test="nongLinMYIndustry != null">
        #{nongLinMYIndustry,jdbcType=INTEGER},
      </if>
      <if test="caiKuangIndustry != null">
        #{caiKuangIndustry,jdbcType=INTEGER},
      </if>
      <if test="produceIndustry != null">
        #{produceIndustry,jdbcType=INTEGER},
      </if>
      <if test="dianReRqSGIndustry != null">
        #{dianReRqSGIndustry,jdbcType=INTEGER},
      </if>
      <if test="buildingIndustry != null">
        #{buildingIndustry,jdbcType=INTEGER},
      </if>
      <if test="pifaLsIndustry != null">
        #{pifaLsIndustry,jdbcType=INTEGER},
      </if>
      <if test="trafficHouseMailIndustry != null">
        #{trafficHouseMailIndustry,jdbcType=INTEGER},
      </if>
      <if test="hostelCateringIndustry != null">
        #{hostelCateringIndustry,jdbcType=INTEGER},
      </if>
      <if test="infoTranSoftItIndustry != null">
        #{infoTranSoftItIndustry,jdbcType=INTEGER},
      </if>
      <if test="bankingIndustry != null">
        #{bankingIndustry,jdbcType=INTEGER},
      </if>
      <if test="fangdichanIndustry != null">
        #{fangdichanIndustry,jdbcType=INTEGER},
      </if>
      <if test="rentBusinessIndustry != null">
        #{rentBusinessIndustry,jdbcType=INTEGER},
      </if>
      <if test="scienceTechnologyIndustry != null">
        #{scienceTechnologyIndustry,jdbcType=INTEGER},
      </if>
      <if test="waterEnvironmentPublicIndustry != null">
        #{waterEnvironmentPublicIndustry,jdbcType=INTEGER},
      </if>
      <if test="neighbourRepairOtherIndustry != null">
        #{neighbourRepairOtherIndustry,jdbcType=INTEGER},
      </if>
      <if test="educationIndustry != null">
        #{educationIndustry,jdbcType=INTEGER},
      </if>
      <if test="healthSocialWork != null">
        #{healthSocialWork,jdbcType=INTEGER},
      </if>
      <if test="cultureSportAmusementIndustry != null">
        #{cultureSportAmusementIndustry,jdbcType=INTEGER},
      </if>
      <if test="publicSocialSeSocialOr != null">
        #{publicSocialSeSocialOr,jdbcType=INTEGER},
      </if>
      <if test="internationalOrganization != null">
        #{internationalOrganization,jdbcType=INTEGER},
      </if>
    </trim>
  </insert>
  <select id="countByExample" parameterType="com.zx.business.pojo.ParkCompanyStructExample" resultType="java.lang.Long">
    select count(*) from park_company_struct
    <if test="_parameter != null">
      <include refid="Example_Where_Clause" />
    </if>
  </select>
  <update id="updateByExampleSelective" parameterType="map">
    update park_company_struct
    <set>
      <if test="record.month != null">
        month = #{record.month,jdbcType=INTEGER},
      </if>
      <if test="record.nongLinMYIndustry != null">
        nong_lin_m_y_industry = #{record.nongLinMYIndustry,jdbcType=INTEGER},
      </if>
      <if test="record.caiKuangIndustry != null">
        cai_kuang_industry = #{record.caiKuangIndustry,jdbcType=INTEGER},
      </if>
      <if test="record.produceIndustry != null">
        produce_industry = #{record.produceIndustry,jdbcType=INTEGER},
      </if>
      <if test="record.dianReRqSGIndustry != null">
        dian_re_rq_s_g_industry = #{record.dianReRqSGIndustry,jdbcType=INTEGER},
      </if>
      <if test="record.buildingIndustry != null">
        building_industry = #{record.buildingIndustry,jdbcType=INTEGER},
      </if>
      <if test="record.pifaLsIndustry != null">
        pifa_ls_industry = #{record.pifaLsIndustry,jdbcType=INTEGER},
      </if>
      <if test="record.trafficHouseMailIndustry != null">
        traffic_house_mail_industry = #{record.trafficHouseMailIndustry,jdbcType=INTEGER},
      </if>
      <if test="record.hostelCateringIndustry != null">
        hostel_catering_industry = #{record.hostelCateringIndustry,jdbcType=INTEGER},
      </if>
      <if test="record.infoTranSoftItIndustry != null">
        info_tran_soft_it_industry = #{record.infoTranSoftItIndustry,jdbcType=INTEGER},
      </if>
      <if test="record.bankingIndustry != null">
        banking_industry = #{record.bankingIndustry,jdbcType=INTEGER},
      </if>
      <if test="record.fangdichanIndustry != null">
        fangdichan_industry = #{record.fangdichanIndustry,jdbcType=INTEGER},
      </if>
      <if test="record.rentBusinessIndustry != null">
        rent_business_industry = #{record.rentBusinessIndustry,jdbcType=INTEGER},
      </if>
      <if test="record.scienceTechnologyIndustry != null">
        science_technology_industry = #{record.scienceTechnologyIndustry,jdbcType=INTEGER},
      </if>
      <if test="record.waterEnvironmentPublicIndustry != null">
        water_environment_public_industry = #{record.waterEnvironmentPublicIndustry,jdbcType=INTEGER},
      </if>
      <if test="record.neighbourRepairOtherIndustry != null">
        neighbour_repair_other_industry = #{record.neighbourRepairOtherIndustry,jdbcType=INTEGER},
      </if>
      <if test="record.educationIndustry != null">
        education_industry = #{record.educationIndustry,jdbcType=INTEGER},
      </if>
      <if test="record.healthSocialWork != null">
        health_social_work = #{record.healthSocialWork,jdbcType=INTEGER},
      </if>
      <if test="record.cultureSportAmusementIndustry != null">
        culture_sport_amusement_industry = #{record.cultureSportAmusementIndustry,jdbcType=INTEGER},
      </if>
      <if test="record.publicSocialSeSocialOr != null">
        public_social_se_social_or = #{record.publicSocialSeSocialOr,jdbcType=INTEGER},
      </if>
      <if test="record.internationalOrganization != null">
        international_organization = #{record.internationalOrganization,jdbcType=INTEGER},
      </if>
    </set>
    <if test="_parameter != null">
      <include refid="Update_By_Example_Where_Clause" />
    </if>
  </update>
  <update id="updateByExample" parameterType="map">
    update park_company_struct
    set month = #{record.month,jdbcType=INTEGER},
      nong_lin_m_y_industry = #{record.nongLinMYIndustry,jdbcType=INTEGER},
      cai_kuang_industry = #{record.caiKuangIndustry,jdbcType=INTEGER},
      produce_industry = #{record.produceIndustry,jdbcType=INTEGER},
      dian_re_rq_s_g_industry = #{record.dianReRqSGIndustry,jdbcType=INTEGER},
      building_industry = #{record.buildingIndustry,jdbcType=INTEGER},
      pifa_ls_industry = #{record.pifaLsIndustry,jdbcType=INTEGER},
      traffic_house_mail_industry = #{record.trafficHouseMailIndustry,jdbcType=INTEGER},
      hostel_catering_industry = #{record.hostelCateringIndustry,jdbcType=INTEGER},
      info_tran_soft_it_industry = #{record.infoTranSoftItIndustry,jdbcType=INTEGER},
      banking_industry = #{record.bankingIndustry,jdbcType=INTEGER},
      fangdichan_industry = #{record.fangdichanIndustry,jdbcType=INTEGER},
      rent_business_industry = #{record.rentBusinessIndustry,jdbcType=INTEGER},
      science_technology_industry = #{record.scienceTechnologyIndustry,jdbcType=INTEGER},
      water_environment_public_industry = #{record.waterEnvironmentPublicIndustry,jdbcType=INTEGER},
      neighbour_repair_other_industry = #{record.neighbourRepairOtherIndustry,jdbcType=INTEGER},
      education_industry = #{record.educationIndustry,jdbcType=INTEGER},
      health_social_work = #{record.healthSocialWork,jdbcType=INTEGER},
      culture_sport_amusement_industry = #{record.cultureSportAmusementIndustry,jdbcType=INTEGER},
      public_social_se_social_or = #{record.publicSocialSeSocialOr,jdbcType=INTEGER},
      international_organization = #{record.internationalOrganization,jdbcType=INTEGER}
    <if test="_parameter != null">
      <include refid="Update_By_Example_Where_Clause" />
    </if>
  </update>
  <update id="updateByPrimaryKeySelective" parameterType="com.zx.business.pojo.ParkCompanyStruct">
    update park_company_struct
    <set>
      <if test="nongLinMYIndustry != null">
        nong_lin_m_y_industry = #{nongLinMYIndustry,jdbcType=INTEGER},
      </if>
      <if test="caiKuangIndustry != null">
        cai_kuang_industry = #{caiKuangIndustry,jdbcType=INTEGER},
      </if>
      <if test="produceIndustry != null">
        produce_industry = #{produceIndustry,jdbcType=INTEGER},
      </if>
      <if test="dianReRqSGIndustry != null">
        dian_re_rq_s_g_industry = #{dianReRqSGIndustry,jdbcType=INTEGER},
      </if>
      <if test="buildingIndustry != null">
        building_industry = #{buildingIndustry,jdbcType=INTEGER},
      </if>
      <if test="pifaLsIndustry != null">
        pifa_ls_industry = #{pifaLsIndustry,jdbcType=INTEGER},
      </if>
      <if test="trafficHouseMailIndustry != null">
        traffic_house_mail_industry = #{trafficHouseMailIndustry,jdbcType=INTEGER},
      </if>
      <if test="hostelCateringIndustry != null">
        hostel_catering_industry = #{hostelCateringIndustry,jdbcType=INTEGER},
      </if>
      <if test="infoTranSoftItIndustry != null">
        info_tran_soft_it_industry = #{infoTranSoftItIndustry,jdbcType=INTEGER},
      </if>
      <if test="bankingIndustry != null">
        banking_industry = #{bankingIndustry,jdbcType=INTEGER},
      </if>
      <if test="fangdichanIndustry != null">
        fangdichan_industry = #{fangdichanIndustry,jdbcType=INTEGER},
      </if>
      <if test="rentBusinessIndustry != null">
        rent_business_industry = #{rentBusinessIndustry,jdbcType=INTEGER},
      </if>
      <if test="scienceTechnologyIndustry != null">
        science_technology_industry = #{scienceTechnologyIndustry,jdbcType=INTEGER},
      </if>
      <if test="waterEnvironmentPublicIndustry != null">
        water_environment_public_industry = #{waterEnvironmentPublicIndustry,jdbcType=INTEGER},
      </if>
      <if test="neighbourRepairOtherIndustry != null">
        neighbour_repair_other_industry = #{neighbourRepairOtherIndustry,jdbcType=INTEGER},
      </if>
      <if test="educationIndustry != null">
        education_industry = #{educationIndustry,jdbcType=INTEGER},
      </if>
      <if test="healthSocialWork != null">
        health_social_work = #{healthSocialWork,jdbcType=INTEGER},
      </if>
      <if test="cultureSportAmusementIndustry != null">
        culture_sport_amusement_industry = #{cultureSportAmusementIndustry,jdbcType=INTEGER},
      </if>
      <if test="publicSocialSeSocialOr != null">
        public_social_se_social_or = #{publicSocialSeSocialOr,jdbcType=INTEGER},
      </if>
      <if test="internationalOrganization != null">
        international_organization = #{internationalOrganization,jdbcType=INTEGER},
      </if>
    </set>
    where month = #{month,jdbcType=INTEGER}
  </update>
  <update id="updateByPrimaryKey" parameterType="com.zx.business.pojo.ParkCompanyStruct">
    update park_company_struct
    set nong_lin_m_y_industry = #{nongLinMYIndustry,jdbcType=INTEGER},
      cai_kuang_industry = #{caiKuangIndustry,jdbcType=INTEGER},
      produce_industry = #{produceIndustry,jdbcType=INTEGER},
      dian_re_rq_s_g_industry = #{dianReRqSGIndustry,jdbcType=INTEGER},
      building_industry = #{buildingIndustry,jdbcType=INTEGER},
      pifa_ls_industry = #{pifaLsIndustry,jdbcType=INTEGER},
      traffic_house_mail_industry = #{trafficHouseMailIndustry,jdbcType=INTEGER},
      hostel_catering_industry = #{hostelCateringIndustry,jdbcType=INTEGER},
      info_tran_soft_it_industry = #{infoTranSoftItIndustry,jdbcType=INTEGER},
      banking_industry = #{bankingIndustry,jdbcType=INTEGER},
      fangdichan_industry = #{fangdichanIndustry,jdbcType=INTEGER},
      rent_business_industry = #{rentBusinessIndustry,jdbcType=INTEGER},
      science_technology_industry = #{scienceTechnologyIndustry,jdbcType=INTEGER},
      water_environment_public_industry = #{waterEnvironmentPublicIndustry,jdbcType=INTEGER},
      neighbour_repair_other_industry = #{neighbourRepairOtherIndustry,jdbcType=INTEGER},
      education_industry = #{educationIndustry,jdbcType=INTEGER},
      health_social_work = #{healthSocialWork,jdbcType=INTEGER},
      culture_sport_amusement_industry = #{cultureSportAmusementIndustry,jdbcType=INTEGER},
      public_social_se_social_or = #{publicSocialSeSocialOr,jdbcType=INTEGER},
      international_organization = #{internationalOrganization,jdbcType=INTEGER}
    where month = #{month,jdbcType=INTEGER}
  </update>

</mapper>