<?xml version="1.0" encoding="UTF-8"?>
<!DOCTYPE mapper PUBLIC "-//mybatis.org//DTD Mapper 3.0//EN" "http://mybatis.org/dtd/mybatis-3-mapper.dtd">
<mapper namespace="com.zx.business.mapper.ParkCompanyTaxMapper">
  <resultMap id="BaseResultMap" type="com.zx.business.pojo.ParkCompanyTax">
    <id column="month" jdbcType="INTEGER" property="month" />
    <result column="park_tax" jdbcType="REAL" property="parkTax" />
  </resultMap>
  <sql id="Example_Where_Clause">
    <where>
      <foreach collection="oredCriteria" item="criteria" separator="or">
        <if test="criteria.valid">
          <trim prefix="(" prefixOverrides="and" suffix=")">
            <foreach collection="criteria.criteria" item="criterion">
              <choose>
                <when test="criterion.noValue">
                  and ${criterion.condition}
                </when>
                <when test="criterion.singleValue">
                  and ${criterion.condition} #{criterion.value}
                </when>
                <when test="criterion.betweenValue">
                  and ${criterion.condition} #{criterion.value} and #{criterion.secondValue}
                </when>
                <when test="criterion.listValue">
                  and ${criterion.condition}
                  <foreach close=")" collection="criterion.value" item="listItem" open="(" separator=",">
                    #{listItem}
                  </foreach>
                </when>
              </choose>
            </foreach>
          </trim>
        </if>
      </foreach>
    </where>
  </sql>
  <sql id="Update_By_Example_Where_Clause">
    <where>
      <foreach collection="example.oredCriteria" item="criteria" separator="or">
        <if test="criteria.valid">
          <trim prefix="(" prefixOverrides="and" suffix=")">
            <foreach collection="criteria.criteria" item="criterion">
              <choose>
                <when test="criterion.noValue">
                  and ${criterion.condition}
                </when>
                <when test="criterion.singleValue">
                  and ${criterion.condition} #{criterion.value}
                </when>
                <when test="criterion.betweenValue">
                  and ${criterion.condition} #{criterion.value} and #{criterion.secondValue}
                </when>
                <when test="criterion.listValue">
                  and ${criterion.condition}
                  <foreach close=")" collection="criterion.value" item="listItem" open="(" separator=",">
                    #{listItem}
                  </foreach>
                </when>
              </choose>
            </foreach>
          </trim>
        </if>
      </foreach>
    </where>
  </sql>
  <sql id="Base_Column_List">
    month, park_tax
  </sql>
  <select id="selectByExample" parameterType="com.zx.business.pojo.ParkCompanyTaxExample" resultMap="BaseResultMap">
    select
    <if test="distinct">
      distinct
    </if>
    <include refid="Base_Column_List" />
    from park_company_tax
    <if test="_parameter != null">
      <include refid="Example_Where_Clause" />
    </if>
    <if test="orderByClause != null">
      order by ${orderByClause}
    </if>
  </select>
  <select id="selectByPrimaryKey" parameterType="java.lang.Integer" resultMap="BaseResultMap">
    select 
    <include refid="Base_Column_List" />
    from park_company_tax
    where month = #{month,jdbcType=INTEGER}
  </select>
  <delete id="deleteByPrimaryKey" parameterType="java.lang.Integer">
    delete from park_company_tax
    where month = #{month,jdbcType=INTEGER}
  </delete>
  <delete id="deleteByExample" parameterType="com.zx.business.pojo.ParkCompanyTaxExample">
    delete from park_company_tax
    <if test="_parameter != null">
      <include refid="Example_Where_Clause" />
    </if>
  </delete>
  <insert id="insert" parameterType="com.zx.business.pojo.ParkCompanyTax">
    insert into park_company_tax (month, park_tax)
    values (#{month,jdbcType=INTEGER}, #{parkTax,jdbcType=REAL})
  </insert>
  <insert id="insertSelective" parameterType="com.zx.business.pojo.ParkCompanyTax">
    insert into park_company_tax
    <trim prefix="(" suffix=")" suffixOverrides=",">
      <if test="month != null">
        month,
      </if>
      <if test="parkTax != null">
        park_tax,
      </if>
    </trim>
    <trim prefix="values (" suffix=")" suffixOverrides=",">
      <if test="month != null">
        #{month,jdbcType=INTEGER},
      </if>
      <if test="parkTax != null">
        #{parkTax,jdbcType=REAL},
      </if>
    </trim>
  </insert>
  <select id="countByExample" parameterType="com.zx.business.pojo.ParkCompanyTaxExample" resultType="java.lang.Long">
    select count(*) from park_company_tax
    <if test="_parameter != null">
      <include refid="Example_Where_Clause" />
    </if>
  </select>
  <update id="updateByExampleSelective" parameterType="map">
    update park_company_tax
    <set>
      <if test="record.month != null">
        month = #{record.month,jdbcType=INTEGER},
      </if>
      <if test="record.parkTax != null">
        park_tax = #{record.parkTax,jdbcType=REAL},
      </if>
    </set>
    <if test="_parameter != null">
      <include refid="Update_By_Example_Where_Clause" />
    </if>
  </update>
  <update id="updateByExample" parameterType="map">
    update park_company_tax
    set month = #{record.month,jdbcType=INTEGER},
      park_tax = #{record.parkTax,jdbcType=REAL}
    <if test="_parameter != null">
      <include refid="Update_By_Example_Where_Clause" />
    </if>
  </update>
  <update id="updateByPrimaryKeySelective" parameterType="com.zx.business.pojo.ParkCompanyTax">
    update park_company_tax
    <set>
      <if test="parkTax != null">
        park_tax = #{parkTax,jdbcType=REAL},
      </if>
    </set>
    where month = #{month,jdbcType=INTEGER}
  </update>
  <update id="updateByPrimaryKey" parameterType="com.zx.business.pojo.ParkCompanyTax">
    update park_company_tax
    set park_tax = #{parkTax,jdbcType=REAL}
    where month = #{month,jdbcType=INTEGER}
  </update>
</mapper>